{
    "MAE": 0.7866727709770203,
    "RMSE": 1.5305071994845205,
    "MAPE": 94239328.0,
    "R2": 0.9904816746711731,
    "Training_samples": 15157,
    "Validation_samples": 2160,
    "Encoder_length": 168,
    "Prediction_length": 24
}