{
    "MAE": 9.85141658782959,
    "RMSE": 18.524309013133593,
    "MAPE": 41.666664123535156,
    "R2": -0.39435434341430664,
    "Training_samples": 15157,
    "Validation_samples": 2160,
    "Encoder_length": 168,
    "Prediction_length": 24
}