{
    "MAE": 0.8898701667785645,
    "RMSE": 1.5229881210715495,
    "MAPE": 414214912.0,
    "R2": 0.9905749559402466,
    "Training_samples": 15157,
    "Validation_samples": 2160,
    "Encoder_length": 168,
    "Prediction_length": 24
}